Model,Rank,Score,accuracy,f1_weighted,balanced_accuracy,inference_speed,model_size_mb,params,training_time
cnn_gru,1,100.0,0.8501683501683501,0.8433212201244638,0.6545552365491187,0.02390222353613334,1.47,386628,1581.1396262645721
gru,2,99.03,0.8535353535353535,0.8360089159972813,0.583228779391182,0.024047783053067335,1.19,313092,1541.567170381546
bigru,3,92.17,0.8535353535353535,0.8465570222115105,0.6364940858544863,0.02388521139384009,2.27,594692,1578.7249376773834
tcn,4,86.93,0.835016835016835,0.805973182113533,0.5233664699181941,0.02087804505524872,2.36,619588,2730.196984767914
gru_attention,5,77.35,0.8468013468013468,0.840176110869498,0.6253729953535292,0.022523680883277206,3.03,793092,3453.2532086372375
lstm_attention,6,66.16,0.8400673400673401,0.8221331943220449,0.5606493451181994,0.022411550602304067,3.53,926212,3456.392011642456
cnn_bilstm,7,52.53,0.8114478114478114,0.7696134567895665,0.4523031513159433,0.02407814464662162,3.36,880708,1614.5854241847992
bilstm,8,48.03,0.7962962962962963,0.7340666669929115,0.3422413793103448,0.023749991524842543,2.78,727812,1584.163194656372
transformer,9,16.84,0.7474747474747475,0.6394581654697261,0.25,0.023789037309790127,2.89,758020,2112.389335155487
