epoch,train_loss,train_acc,val_loss,val_acc,learning_rate
1,1.3956929547897239,0.310533940397351,1.2910601920004943,0.5956192080876158,0.0004998768868112501
2,1.3167225430343326,0.3686879139072848,1.1965207027203915,0.5956192080876158,0.0004995076687428538
3,1.1444863057294428,0.503932119205298,1.168360443605328,0.6107834877843302,0.0004988927101684685
4,1.0046183628751741,0.5745033112582781,1.1062563986163634,0.6343723673125526,0.0004980326179779623
5,0.8881876358133278,0.6630794701986755,1.0535006418686106,0.6529064869418703,0.0004969282409784869
6,0.799152457161455,0.7099544701986755,0.9794488865081864,0.6663858466722831,0.0004955806690568079
7,0.7312427011151977,0.7427566225165563,0.8800848344844635,0.7042965459140691,0.0004939912321037176
8,0.6623997824476254,0.7631415562913907,0.8442369244534526,0.7076663858466723,0.0004921614987015935
9,0.6201089946244727,0.7881829470198676,0.7762547606867507,0.7253580454928391,0.0004900932745763975
10,0.6009148110617075,0.7904594370860927,0.7736424373395321,0.7430497051390059,0.00048778860081564096
11,0.5739056560772144,0.8034975165562914,0.7127448108483486,0.7607413647851727,0.0004852497518540794
12,0.5571151431033153,0.8133278145695364,0.7151313865496114,0.7590564448188711,0.00048247923322911887
13,0.5227949798896613,0.8230546357615894,0.6902768285513526,0.7573715248525695,0.0004794797791081534
14,0.5082210543139881,0.8365066225165563,0.6515700515820986,0.7902274641954508,0.00047625434959027205
15,0.48560701458659394,0.8433360927152318,0.5908772924313951,0.818871103622578,0.00047280612778499796
16,0.4740339208715009,0.8444743377483444,0.6083965282432151,0.7969671440606572,0.0004691385166709441
17,0.46772937999655867,0.8503725165562914,0.5686403267907815,0.8096040438079192,0.0004652551357374841
18,0.46198916780632854,0.8530629139072847,0.5605333609649286,0.8247683235046336,0.00046115981741275293
19,0.4451722815534137,0.8576158940397351,0.5319586362573613,0.8374052232518955,0.0004568566032815033
20,0.43912012963894975,0.8597889072847682,0.5378293341312874,0.8348778433024431,0.00045234974009654953
21,0.41810158773368555,0.8655836092715232,0.5223046168622191,0.8281381634372368,0.00044764367558773485
22,0.40955038802907956,0.8698261589403974,0.5170395588211986,0.8416175231676495,0.0004427430540725595
23,0.3971487025156716,0.8709644039735099,0.4842172544998789,0.8449873631002527,0.00043765271187279977
24,0.39043599752006153,0.8723096026490066,0.4928265921740142,0.8365627632687447,0.0004323776725416423
25,0.37429945220220956,0.8815190397350994,0.4364820213732643,0.8643639427127211,0.00042692314190604367
26,0.37508789849597096,0.8815190397350994,0.46560631191519597,0.8466722830665543,0.0004212945029292079
27,0.35503745394826725,0.8838990066225165,0.4488849538961377,0.8525695029486099,0.0004154973103982512
28,0.35476273979177536,0.8873137417218543,0.4484413340248375,0.8593091828138163,0.0004095372854422981
29,0.35037304727446955,0.8899006622516556,0.40938396402889676,0.8660488626790227,0.0004034203098864177
30,0.342282880418348,0.8899006622516556,0.4138921150010277,0.8601516427969671,0.00039715242044697217
31,0.3351536553032351,0.8912458609271523,0.45746391881084686,0.8601516427969671,0.0003907398027741067
32,0.3402560054269058,0.8934188741721855,0.3935186280770872,0.8803706823925863,0.0003841887853472597
33,0.32671951537100685,0.894453642384106,0.37302770082726633,0.8736310025273799,0.00037750583322971774
34,0.32569221125927983,0.8913493377483444,0.41144000824851557,0.8702611625947767,0.00037069754168837804
35,0.3181137293577194,0.8967301324503312,0.3846981224322279,0.8871103622577927,0.000363770629685017
36,0.3181338187874548,0.8998344370860927,0.37851502273699367,0.8820556023588879,0.0003567319332454857
37,0.3088313028315045,0.8995240066225165,0.38667993201688244,0.8837405223251895,0.00034958839871337787
38,0.2984076330795983,0.9044908940397351,0.3866162232194714,0.8753159224936815,0.0003423470758948273
39,0.3038602262143268,0.9013865894039735,0.37802920948083196,0.8770008424599831,0.0003350151111012004
40,0.3062836644763978,0.9029387417218543,0.3680143344208987,0.8862679022746419,0.0003275997400965495
41,0.3047612397777324,0.898385761589404,0.3507254091927055,0.8896377422072451,0.00032010828095678783
42,0.2958705571806983,0.9050082781456954,0.34193032040325855,0.8887952822240943,0.0003125481268476313
43,0.2845335104410222,0.9085264900662252,0.3489896628531771,0.8887952822240943,0.0003049267387284375
44,0.2849742524967288,0.9115273178807947,0.3675850259725447,0.8879528222409435,0.0002972516379891384
45,0.29159659196604165,0.9048013245033113,0.3622003982648592,0.8828980623420387,0.0002895303990275377
46,0.27909479418535105,0.9087334437086093,0.34956675401332504,0.8938500421229991,0.00028177064177429406
47,0.2827619451856771,0.90625,0.3484877936272131,0.8930075821398483,0.0002739800241729694
48,0.27919191353960543,0.9112168874172185,0.3590969040977322,0.8938500421229991,0.0002661662346225638
49,0.28216026215166445,0.9097682119205298,0.34354162566432855,0.8963774220724515,0.0002583369843899931
50,0.2774366220792398,0.9097682119205298,0.32990419747121164,0.8997472620050547,0.00025050000000000007
51,0.2724460321447707,0.9087334437086093,0.3478243855010991,0.8938500421229991,0.00024266301561000702
52,0.26384064826546916,0.9105960264900662,0.3554365330116028,0.8938500421229991,0.00023483376537743634
53,0.2596456540242726,0.9144246688741722,0.3266905417042865,0.9005897219882055,0.0002270199758270307
54,0.26677723991259045,0.9128725165562914,0.3166851674558841,0.9039595619208087,0.0002192293582257061
55,0.2681731153896313,0.9126655629139073,0.3645637925547919,0.8879528222409435,0.00021146960097246238
56,0.25859943584890555,0.9148385761589404,0.32204720360974654,0.9014321819713563,0.0002037483620108617
57,0.26092797606591356,0.9135968543046358,0.32084156482746445,0.9048020219039595,0.0001960732612715627
58,0.25478130253340237,0.9132864238410596,0.3327455340045886,0.9031171019376579,0.00018845187315236873
59,0.25576829495808934,0.9148385761589404,0.3102023775525322,0.9081718618365627,0.00018089171904321234
60,0.26097610918496617,0.9159768211920529,0.3403570932581732,0.8989048020219039,0.00017340025990345072
61,0.25585857897207437,0.9175289735099338,0.32214833423966055,0.9039595619208087,0.00016598488889879982
62,0.2513527827744452,0.9160802980132451,0.32873886295146265,0.9039595619208087,0.00015865292410517293
63,0.25047095914352807,0.9187706953642384,0.31517705566735454,0.9056444818871103,0.00015141160128662222
64,0.24558178794305055,0.9208402317880795,0.31724416327104915,0.9106992417860151,0.00014426806675451437
65,0.24316884557537685,0.9201158940397351,0.31577941601454157,0.9098567818028643,0.0001372293703149831
66,0.24839122682217732,0.9186672185430463,0.2970507461177507,0.9081718618365627,0.00013030245831162203
67,0.25777630507946014,0.9178394039735099,0.30373462541272084,0.9132266217354675,0.00012349416677028238
68,0.24413122937379295,0.9211506622516556,0.3034850650834957,0.9123841617523167,0.0001168112146527403
69,0.24618657500735971,0.9216680463576159,0.30470241727378056,0.9098567818028643,0.00011026019722589342
70,0.23898526922559107,0.9221854304635762,0.3015041166058135,0.9157540016849199,0.000103847579553028
71,0.23141046342076055,0.9230132450331126,0.30326875024604616,0.9090143218197135,9.757969011358236e-05
72,0.23813193834183233,0.9223923841059603,0.2938545410660203,0.9149115417017691,9.146271455770193e-05
73,0.24038675062309037,0.9212541390728477,0.3098526335672084,0.9123841617523167,8.550268960174892e-05
74,0.24038635598902672,0.9225993377483444,0.3044468585280945,0.9106992417860151,7.970549707079218e-05
75,0.2358148351607733,0.9236341059602649,0.30399162009854275,0.9098567818028643,7.407685809395643e-05
76,0.23149503698412155,0.9229097682119205,0.2976847767591376,0.9182813816343723,6.86223274583579e-05
77,0.23749766400120906,0.9252897350993378,0.2954490165467034,0.9174389216512215,6.334728812720038e-05
78,0.23690653394981726,0.9238410596026491,0.2929772802627792,0.9132266217354675,5.8256945927440624e-05
79,0.23094034471259212,0.9273592715231788,0.2953510918052712,0.9191238416175231,5.3356324412265255e-05
80,0.23495574216574233,0.9251862582781457,0.2862901527092501,0.9132266217354675,4.8650259903450646e-05
81,0.23117790662294982,0.9243584437086093,0.2983254531340355,0.9157540016849199,4.414339671849688e-05
82,0.22757923711609368,0.9259105960264901,0.29188863226395373,0.9132266217354675,3.9840182587247294e-05
83,0.2266280540073944,0.9238410596026491,0.2897922987269007,0.9191238416175231,3.5744864262516034e-05
84,0.2293953046893442,0.9244619205298014,0.28270443691303226,0.9132266217354675,3.186148332905604e-05
85,0.2315155913596911,0.9276697019867549,0.28644024093636167,0.9149115417017691,2.8193872215002242e-05
86,0.22504357608738323,0.9271523178807947,0.2849414121899393,0.9149115417017691,2.4745650409728176e-05
87,0.2252721070305796,0.9242549668874173,0.288656806121341,0.9106992417860151,2.1520220891846766e-05
88,0.22529386040686772,0.9259105960264901,0.28496252344144474,0.9165964616680707,1.852076677088129e-05
89,0.22408357921321662,0.925703642384106,0.28195293526704207,0.9157540016849199,1.5750248145920753e-05
90,0.2221779441892706,0.9281870860927153,0.28880885883023383,0.9182813816343723,1.3211399184359197e-05
91,0.2240630876248246,0.9267384105960265,0.29394210947531557,0.9165964616680707,1.0906725423602734e-05
92,0.22449312472580285,0.9277731788079471,0.2881904547334207,0.9182813816343723,8.838501298406575e-06
93,0.22772457112638367,0.925807119205298,0.28667672245238346,0.9149115417017691,7.008767896282542e-06
94,0.23119870237759407,0.9267384105960265,0.28775150328560745,0.9165964616680707,5.419330943192164e-06
95,0.22632123781553168,0.9269453642384106,0.29503729984496907,0.9174389216512215,4.071759021513154e-06
96,0.22572848102114848,0.9260140728476821,0.2867389049847071,0.9149115417017691,2.967382022037798e-06
97,0.21826431041719108,0.925807119205298,0.28620301953123817,0.9165964616680707,2.1072898315315413e-06
98,0.22213027246345748,0.9267384105960265,0.2883634144658413,0.9199663016006739,1.4923312571462463e-06
99,0.2187302688889156,0.9292218543046358,0.2859540124492062,0.9165964616680707,1.1231131887499658e-06
100,0.22447796758042265,0.9273592715231788,0.2881589941523511,0.9182813816343723,1e-06
